Series Name,Series Code,Country Name,Country Code,1990 [YR1990],2000 [YR2000],2015 [YR2015],2016 [YR2016],2017 [YR2017],2018 [YR2018],2019 [YR2019],2020 [YR2020],2021 [YR2021],2022 [YR2022],2023 [YR2023],2024 [YR2024]
Arable land (hectares),AG.LND.ARBL.HA,Afghanistan,AFG,7910000,7683000,7765000,7729000,7699000,7794000,7788000,7829000,7829000,7810000,7846000,..
Arable land (hectares),AG.LND.ARBL.HA,Albania,ALB,579000,578000,615100,620300,612000,611346,610000,599600,599900,598100,590700,..
Arable land (hectares),AG.LND.ARBL.HA,Algeria,DZA,7081000,7662000,7462100,7404200,7470807.1,7500703.6,7531000,7531000,7531000,7531000,7531000,..
Arable land (hectares),AG.LND.ARBL.HA,American Samoa,ASM,640,760,910,920,930,940,950,960,970,970,1030,..
Arable land (hectares),AG.LND.ARBL.HA,Andorra,AND,1000,1000,810,820,820,824.5,791.1,768.9,747.6,747.6,732.5,..
Arable land (hectares),AG.LND.ARBL.HA,Angola,AGO,2900000,3000000,5125000,5347000,5345000,5343000,5342000,5340000,5348000,5385000,5385000,..
Arable land (hectares),AG.LND.ARBL.HA,Antigua and Barbuda,ATG,4000,4000,4000,4000,4000,4000,4000,4000,4000,4000,4000,..
Arable land (hectares),AG.LND.ARBL.HA,Argentina,ARG,26575000,27640000,40353234.6,40033679.5,40375486.3,40181000,40850000,41930000,42229000,43099000,40387343.1,..
Arable land (hectares),AG.LND.ARBL.HA,Armenia,ARM,..,450000,446700,446400,446000,445600,444800,444000,443420,442730,441600,..
Arable land (hectares),AG.LND.ARBL.HA,Aruba,ABW,2000,2000,2000,2000,2000,2000,2000,2000,2000,2000,2000,..
Arable land (hectares),AG.LND.ARBL.HA,Australia,AUS,16956000,23473000,31090700,30057000,30752000,30974000,30573000,30644000,31265000,31265000,30989678.2,..
Arable land (hectares),AG.LND.ARBL.HA,Austria,AUT,1426000,1399000,1346100,1344490,1328940,1327150,1325530,1324971.4,1322921.3,1320593,1321781.6,..
Arable land (hectares),AG.LND.ARBL.HA,Azerbaijan,AZE,..,1825600,1937700,1999000,2094500,2097900,2096000,2084300,2089000,2091900,2091700,..
Arable land (hectares),AG.LND.ARBL.HA,"Bahamas, The",BHS,7000,7000,8000,8000,8000,8000,8000,8000,8000,8000,8000,..
Arable land (hectares),AG.LND.ARBL.HA,Bahrain,BHR,2000,2010,2080,2090,2090,2100,2100,2100,2100,2100,2100,..
Arable land (hectares),AG.LND.ARBL.HA,Bangladesh,BGD,9456000,8350000,7762240,7794210,7787330,7772300,7857000,7890000,7874100,7917700,7880400,..
Arable land (hectares),AG.LND.ARBL.HA,Barbados,BRB,16000,15000,8000,7000,7000,7000,7000,7000,7000,7000,7000,..
Arable land (hectares),AG.LND.ARBL.HA,Belarus,BLR,..,6133000,5677400,5683800,5727000,5712000,5713000,5660000,5624000,5606000,5567800,..
Arable land (hectares),AG.LND.ARBL.HA,Belgium,BEL,..,862000,829500,849400,836000,850000,857286,864876.6,865640,863550,863153.6,..
Arable land (hectares),AG.LND.ARBL.HA,Belize,BLZ,52000,64000,88000,88000,90000,90000,92000,98000,100000,100000,100000,..
Arable land (hectares),AG.LND.ARBL.HA,Benin,BEN,1615000,2380000,2700000,2800000,2993576.9,3415720.6,3537982.4,3331258.6,3486914.5,3545952.3,3545952.3,..
Arable land (hectares),AG.LND.ARBL.HA,Bermuda,BMU,300,400,300,300,300,300,300,300,300,300,300,..
Arable land (hectares),AG.LND.ARBL.HA,Bhutan,BTN,135000,154000,100200,100000,94500,94000,94000,95500,97000,98500,100000,..
Arable land (hectares),AG.LND.ARBL.HA,Bolivia,BOL,2100000,3144000,4976000,4836000,4693000,4951549,5251635.6,5275212,5403410.2,5562567.6,5562567.6,..
Arable land (hectares),AG.LND.ARBL.HA,Bosnia and Herzegovina,BIH,..,1000000,1022000,1026000,1060000,1029000,1015000,1015000,1008000,377000,370000,..
Arable land (hectares),AG.LND.ARBL.HA,Botswana,BWA,420000,350000,259600,259600,259600,259600,260000,260000,260000,260000,260000,..
Arable land (hectares),AG.LND.ARBL.HA,Brazil,BRA,47340000,45448000,54518000,55140000,55762000,55738000,55714000,55690000,55666000,55642000,55642000,..
Arable land (hectares),AG.LND.ARBL.HA,British Virgin Islands,VGB,2000,1000,1000,1000,1000,1000,1000,1000,1000,1000,1000,..
Arable land (hectares),AG.LND.ARBL.HA,Brunei Darussalam,BRN,4000,4000,4000,4000,4000,4000,4000,4000,4000,4000,4000,..
Arable land (hectares),AG.LND.ARBL.HA,Bulgaria,BGR,3856000,3526000,3509700,3496000,3489080,3478000,3476000,3492000,3500000,3468000,3486550,..
Arable land (hectares),AG.LND.ARBL.HA,Burkina Faso,BFA,3880813.3,5139118.1,7026575.3,7152405.8,7278236.3,7404066.7,7529897.2,7655727.7,7781558.2,7907388.7,7907388.7,..
Arable land (hectares),AG.LND.ARBL.HA,Burundi,BDI,930000,960000,1108000,1135000,1162000,1189000,1216000,1243000,1270000,1293508.5,1321206.8,..
Arable land (hectares),AG.LND.ARBL.HA,Cabo Verde,CPV,41000,44000,50000,50000,50000,50000,50000,50000,50000,50000,50000,..
Arable land (hectares),AG.LND.ARBL.HA,Cambodia,KHM,3695000,3700000,3941628,3971380,4001131.9,4030883.8,4060635.8,4090387.7,4120139.7,4120139.7,4120139.7,..
Arable land (hectares),AG.LND.ARBL.HA,Cameroon,CMR,5940000,5960000,6200000,6200000,6200000,6200000,6200000,6200000,6200000,6200000,6200000,..
Arable land (hectares),AG.LND.ARBL.HA,Canada,CAN,41367000,40971000,38282000,38530000,38509000,38690000,38648000,38235000,38259000,38346000,38151000,..
Arable land (hectares),AG.LND.ARBL.HA,Cayman Islands,CYM,200,200,200,200,200,200,200,200,200,200,200,..
Arable land (hectares),AG.LND.ARBL.HA,Central African Republic,CAF,1870000,1870000,1800000,1800000,1800000,1800000,1800000,1800000,1800000,1800000,1800000,..
Arable land (hectares),AG.LND.ARBL.HA,Chad,TCD,3273000,3600000,5200000,5300000,5300000,5300000,5300000,5300000,5300000,5300000,5300000,..
Arable land (hectares),AG.LND.ARBL.HA,Channel Islands,CHI,..,..,..,..,..,..,..,..,..,..,..,..
Arable land (hectares),AG.LND.ARBL.HA,Chile,CHL,2802000,1750000,1493371.4,1470592.9,1503214.3,1454935.7,1399225.9,1374905,1499105,1296900,1406900,..
Arable land (hectares),AG.LND.ARBL.HA,China,CHN,123800000,119040000,114870800,113452000,111634000,110486000,108942800,108804600,108965000,108561100,108427100,..
Arable land (hectares),AG.LND.ARBL.HA,Colombia,COL,3305000,2818000,1560179,1681646,1780868,2235883,2315916,2344433.7,2396733.3,2452700,2549300,..
Arable land (hectares),AG.LND.ARBL.HA,Comoros,COM,65000,65000,65000,65000,65000,65000,65000,65000,65000,65000,65000,..
Arable land (hectares),AG.LND.ARBL.HA,"Congo, Dem. Rep.",COD,6670000,6700000,12460000,12662000,13241000,13494000,13680000,13680000,13704383.3,14501885,14897863.8,..
Arable land (hectares),AG.LND.ARBL.HA,"Congo, Rep.",COG,479000,490000,550000,550000,550000,550000,550000,550000,550000,550000,550000,..
Arable land (hectares),AG.LND.ARBL.HA,Costa Rica,CRI,260000,210000,221188.9,210377.8,199566.7,188755.6,177944.5,167133.4,167133.4,167133.4,167133.4,..
Arable land (hectares),AG.LND.ARBL.HA,Cote d'Ivoire,CIV,2430000,2800000,3853748.2,3780593.4,3983409.9,4076560.5,4339656.8,4335140.7,4389798.8,4508951.5,4803009.7,..
Arable land (hectares),AG.LND.ARBL.HA,Croatia,HRV,..,842000,843700,874000,817000,804000,823000,889000,857000,853000,868000,..
Arable land (hectares),AG.LND.ARBL.HA,Cuba,CUB,3391000,3504000,3013700,2989200,2908600,2908600,2908600,2908600,2908600,2908600,2908600,..
Arable land (hectares),AG.LND.ARBL.HA,Curacao,CUW,..,..,..,..,..,..,..,..,..,..,..,..
Arable land (hectares),AG.LND.ARBL.HA,Cyprus,CYP,105600,98400,98380,81600,94330,104565,96395.4,99447,93516,94823.7,97873.3,..
Arable land (hectares),AG.LND.ARBL.HA,Czechia,CZE,..,3243000,2490000,2491000,2496000,2484000,2484472,2484154,2475335,2479316,2524276,..
Arable land (hectares),AG.LND.ARBL.HA,Denmark,DNK,2561000,2281000,2351651,2370500,2367400,2388400,2395932,2370930,2357000,2360000,2365000,..
Arable land (hectares),AG.LND.ARBL.HA,Djibouti,DJI,1000,1000,2000,2000,2000,2000,2000,3000,3000,3000,3000,..
Arable land (hectares),AG.LND.ARBL.HA,Dominica,DMA,5000,5000,6000,6000,6000,6000,6000,6000,6000,6000,6000,..
Arable land (hectares),AG.LND.ARBL.HA,Dominican Republic,DOM,976416.7,894750,806259.4,850179.9,875226,932533.9,926395.9,899218.1,903461.7,943199.4,975759.7,..
Arable land (hectares),AG.LND.ARBL.HA,Ecuador,ECU,1604000,1616000,1068000,976000,1033000,968000,989000,1038000,1024000,974000,1028000,..
Arable land (hectares),AG.LND.ARBL.HA,"Egypt, Arab Rep.",EGY,2284000,2801000,2865877.1,2786765.4,2911968.8,3049000,3219000,3365000,3077000,3103000,3103000,..
Arable land (hectares),AG.LND.ARBL.HA,El Salvador,SLV,550000,627100,696900,705200,713500,721000,721000,721000,721000,721000,721000,..
Arable land (hectares),AG.LND.ARBL.HA,Equatorial Guinea,GNQ,16000,22000,54000,54000,54000,54000,53000,53000,53000,53000,53000,..
Arable land (hectares),AG.LND.ARBL.HA,Eritrea,ERI,..,560000,690000,690000,690000,690000,690000,690000,690000,690000,690000,..
Arable land (hectares),AG.LND.ARBL.HA,Estonia,EST,..,843000,675000,696000,679000,683000,690000,694000,700000,707000,711000,..
Arable land (hectares),AG.LND.ARBL.HA,Eswatini,SWZ,180000,178000,177000,177000,177000,177000,177000,177000,177000,177000,177000,..
Arable land (hectares),AG.LND.ARBL.HA,Ethiopia,ETH,..,9872000,15721000,15846000,15969200,16187000,16192000,16195100,16431172,16399972,16399972,..
Arable land (hectares),AG.LND.ARBL.HA,Faroe Islands,FRO,64,64,64,66,66,66,66,70,70,70,70,..
Arable land (hectares),AG.LND.ARBL.HA,Fiji,FJI,160000,115800,70200,71600,73000,74400,75800,76800,76800,76800,76800,..
Arable land (hectares),AG.LND.ARBL.HA,Finland,FIN,2268900,2188100,2242300,2246000,2242000,2243000,2245000,2243000,2243000,2241000,2244000,..
Arable land (hectares),AG.LND.ARBL.HA,France,FRA,17784800,18354400,18478700,18355916,18464367,18126400,17942785.5,16984666,17010435,16990355,16899246,..
Arable land (hectares),AG.LND.ARBL.HA,French Polynesia,PYF,2000,2500,2500,2500,2500,2500,2500,2500,2500,2500,2500,..
Arable land (hectares),AG.LND.ARBL.HA,Gabon,GAB,311000,325000,325000,325000,325000,325000,325000,325000,325000,325000,325000,..
Arable land (hectares),AG.LND.ARBL.HA,"Gambia, The",GMB,187000,234000,450000,450000,440000,440000,440000,440000,440000,440000,440000,..
Arable land (hectares),AG.LND.ARBL.HA,Georgia,GEO,..,793000,367700,344000,324000,311000,307000,310000,312000,316000,304000,..
Arable land (hectares),AG.LND.ARBL.HA,Germany,DEU,11971000,11804000,11846000,11763000,11772000,11731000,11714000,11664000,11658000,11657000,11681000,..
Arable land (hectares),AG.LND.ARBL.HA,Ghana,GHA,2700000,3744769.6,4468617.4,4516873.9,4565130.4,4613387,4661643.5,4709900,4709900,4709900,4709900,..
Arable land (hectares),AG.LND.ARBL.HA,Gibraltar,GIB,..,..,..,..,..,..,..,..,..,..,..,..
Arable land (hectares),AG.LND.ARBL.HA,Greece,GRC,2899000,2741000,2171000,2140000,2142887.4,2141294.7,2128308.6,1803660.2,1812429.9,1861153.1,1861153.1,..
Arable land (hectares),AG.LND.ARBL.HA,Greenland,GRL,..,..,..,..,..,..,..,..,..,..,..,..
Arable land (hectares),AG.LND.ARBL.HA,Grenada,GRD,2000,1000,3000,3000,3000,3000,3000,3000,3000,3000,3000,..
Arable land (hectares),AG.LND.ARBL.HA,Guam,GUM,2000,2000,1000,1000,1000,1000,1000,1000,1000,1000,1000,..
Arable land (hectares),AG.LND.ARBL.HA,Guatemala,GTM,1300000,1690720,1470000,1487000,1504000,1521000,1538000,1554000,1554000,1554000,1554000,..
Arable land (hectares),AG.LND.ARBL.HA,Guinea,GIN,2740000,2740000,4794041,4877133.2,5037709.8,5180891.3,4918899.6,4953330.7,5247062.1,5549888.5,6000091,..
Arable land (hectares),AG.LND.ARBL.HA,Guinea-Bissau,GNB,250000,300000,300000,314845.4,314884.1,329603.8,366953.2,374911.4,394354.8,388024.4,395530.5,..
Arable land (hectares),AG.LND.ARBL.HA,Guyana,GUY,95275.6,95275.6,97000,97000,97000,97000,97000,97000,97000,97000,97000,..
Arable land (hectares),AG.LND.ARBL.HA,Haiti,HTI,780000,900000,1180000,1180000,1180000,1180000,1000000,1000000,1005000,1005000,1005000,..
Arable land (hectares),AG.LND.ARBL.HA,Honduras,HND,1462000,1068000,1018000,1018000,1018000,1018000,1018000,1018000,1018000,1018000,1018000,..
Arable land (hectares),AG.LND.ARBL.HA,"Hong Kong SAR, China",HKG,6000,5000,3100,3000,3100,3000,3000,2000,2000,2000,2000,..
Arable land (hectares),AG.LND.ARBL.HA,Hungary,HUN,5054000,4602000,4324000,4323000,4323000,4324000,4317000,4025969.5,4139704.4,4157671,4144147,..
Arable land (hectares),AG.LND.ARBL.HA,Iceland,ISL,136000,129000,121000,121000,121000,121000,121000,121000,121000,121000,121000,..
Arable land (hectares),AG.LND.ARBL.HA,India,IND,163459000,160930000,156413000,156317000,155895000,155478000,155369000,154422600,154163966.7,154027533.3,153868700,..
Arable land (hectares),AG.LND.ARBL.HA,Indonesia,IDN,20253000,17941000,17840567.2,17832197.8,17823828.4,17815459,17807089.6,17798720.2,17790350.8,17781981.4,17782903,..
Arable land (hectares),AG.LND.ARBL.HA,"Iran, Islamic Rep.",IRN,15190000,14924000,14687000,14687000,15134000,15581000,15620000,15660000,15699000,15699000,15699000,..
Arable land (hectares),AG.LND.ARBL.HA,Iraq,IRQ,5000000,4300000,4969000,4969000,4969000,4969000,4969000,4969000,4969000,4969000,4969000,..
Arable land (hectares),AG.LND.ARBL.HA,Ireland,IRL,394600,488100,453000,461000,461000,451000,443000,444000,436000,446000,439000,..
Arable land (hectares),AG.LND.ARBL.HA,Isle of Man,IMN,20100,18100,23900,23000,23200,24000,24000,23900,23200,24100,23439.9,..
Arable land (hectares),AG.LND.ARBL.HA,Israel,ISR,343000,338000,297200,295000,387000,383500,378000,275400,272500,268500,271400,..
Arable land (hectares),AG.LND.ARBL.HA,Italy,ITA,9012000,8479000,6601000,6697000,6736270,6723000,6914183,7199414,7192812,7084477,7084477,..
Arable land (hectares),AG.LND.ARBL.HA,Jamaica,JAM,119000,140000,120000,120000,120000,120000,120000,120000,120000,120000,120000,..
Arable land (hectares),AG.LND.ARBL.HA,Japan,JPN,4768000,4474000,4205000,4184000,4161000,4142000,4124000,4104000,4086000,4066000,4044000,..
Arable land (hectares),AG.LND.ARBL.HA,Jordan,JOR,179200,190000,227900,237260,187000,201000,214800,206000,199200,202617.2,204000,..
Arable land (hectares),AG.LND.ARBL.HA,Kazakhstan,KAZ,..,30159300,29601100,29642200,29657000,29748000,29378300,29553200,29669700,29669700,29669700,..
Arable land (hectares),AG.LND.ARBL.HA,Kenya,KEN,4990000,4891000,6359517.7,6491145.6,6144689.5,6577657.6,6632158.9,6632158.9,6632158.9,6632158.9,6632158.9,..
Arable land (hectares),AG.LND.ARBL.HA,Kiribati,KIR,2000,2000,2000,2000,2000,2000,2000,2000,2000,2000,2000,..
Arable land (hectares),AG.LND.ARBL.HA,"Korea, Dem. People's Rep.",PRK,2288000,2300000,2320000,2310000,2295000,2295000,2295000,2295000,2295000,2295000,2295000,..
Arable land (hectares),AG.LND.ARBL.HA,"Korea, Rep.",KOR,1953000,1718000,1464500,1421000,1396700,1374000,1364000,1352000,1343000,1320000,1456000,..
Arable land (hectares),AG.LND.ARBL.HA,Kosovo,XKX,..,..,..,..,..,..,..,..,..,..,..,..
Arable land (hectares),AG.LND.ARBL.HA,Kuwait,KWT,4000,10000,7700,8000,8600,8000,8000,8000,8000,8000,8000,..
Arable land (hectares),AG.LND.ARBL.HA,Kyrgyz Republic,KGZ,..,1356000,1280600,1287800,1287800,1288000,1287400,1287400,1287400,1286385,1286385,..
Arable land (hectares),AG.LND.ARBL.HA,Lao PDR,LAO,799000,920000,1506700,1511000,1439200,1367400,1295600,1224000,1224000,1224000,1224000,..
Arable land (hectares),AG.LND.ARBL.HA,Latvia,LVA,..,970000,1229800,1288000,1290000,1295000,1319000,1334000,1362000,1357000,1360000,..
Arable land (hectares),AG.LND.ARBL.HA,Lebanon,LBN,183000,129000,133000,137000,137170,137180,135300,134115,141619.7,136485,134213.8,..
Arable land (hectares),AG.LND.ARBL.HA,Lesotho,LSO,317000,330000,219000,352000,419400,434700,150400,345400,225400,271400,356748,..
Arable land (hectares),AG.LND.ARBL.HA,Liberia,LBR,350000,400000,500000,500000,500000,500000,500000,500000,500000,500000,500000,..
Arable land (hectares),AG.LND.ARBL.HA,Libya,LBY,1805000,1815000,1720000,1720000,1720000,1720000,1720000,1720000,1720000,1720000,1720000,..
Arable land (hectares),AG.LND.ARBL.HA,Liechtenstein,LIE,4000,4000,1810,1780,1750,1740,1730,1730,1730,1730,1730,..
Arable land (hectares),AG.LND.ARBL.HA,Lithuania,LTU,..,2878000,2171900,2142800,2103700,2115000,2211900,2249400,2279000,2292400,2303000,..
Arable land (hectares),AG.LND.ARBL.HA,Luxembourg,LUX,..,62000,62800,61860,62038,62114,61959,62130,62472,61992,61326,..
Arable land (hectares),AG.LND.ARBL.HA,"Macao SAR, China",MAC,..,..,..,..,..,..,..,..,..,..,..,..
Arable land (hectares),AG.LND.ARBL.HA,Madagascar,MDG,2720000,2900000,3000000,3000000,3000000,3000000,3000000,3000000,3000000,3000000,3000000,..
Arable land (hectares),AG.LND.ARBL.HA,Malawi,MWI,2250000,2750000,3656000,3712000,3767000,3823000,3878000,3934000,4000000,4000000,4000000,..
Arable land (hectares),AG.LND.ARBL.HA,Malaysia,MYS,930600,868700,825310,825310,825310,825310,825310,825310,825310,825310,784300,..
Arable land (hectares),AG.LND.ARBL.HA,Maldives,MDV,3000,3000,3900,3900,3900,3900,3900,3900,3900,3900,4000,..
Arable land (hectares),AG.LND.ARBL.HA,Mali,MLI,2053000,4530000,7206000,7396000,7585000,7774000,7963000,8152000,8341000,8341000,8341000,..
Arable land (hectares),AG.LND.ARBL.HA,Malta,MLT,12000,8000,8970,9070,9070,9070,9070,7800,7800,7800,7300,..
Arable land (hectares),AG.LND.ARBL.HA,Marshall Islands,MHL,..,500,500,500,500,500,500,500,500,500,500,..
Arable land (hectares),AG.LND.ARBL.HA,Mauritania,MRT,400000,450000,450000,450000,450000,450000,450000,450000,450000,450000,450000,..
Arable land (hectares),AG.LND.ARBL.HA,Mauritius,MUS,98000,90000,75000,75000,75000,75000,75000,75000,75000,75000,75000,..
Arable land (hectares),AG.LND.ARBL.HA,Mexico,MEX,21709000,22905000,22048000,21749000,20257000,19900000,19400000,21683799.2,21672717.4,20567362.3,20023594.6,..
Arable land (hectares),AG.LND.ARBL.HA,"Micronesia, Fed. Sts.",FSM,..,2500,2000,2000,2000,2000,2000,2000,2000,2000,2000,..
Arable land (hectares),AG.LND.ARBL.HA,Moldova,MDA,..,1827000,1733000,1738000,1738000,1681700,1689900,1852000,1857000,1866000,1871000,..
Arable land (hectares),AG.LND.ARBL.HA,Monaco,MCO,..,..,..,..,..,..,..,..,..,..,..,..
Arable land (hectares),AG.LND.ARBL.HA,Mongolia,MNG,1370500,1174920,1328264,1323220,1322842,1326384,1112004,1122005,1120828.5,1135000,1143268.5,..
Arable land (hectares),AG.LND.ARBL.HA,Montenegro,MNE,..,..,8700,9000,9200,9200,9000,9100,8900,9000,9050,..
Arable land (hectares),AG.LND.ARBL.HA,Morocco,MAR,8707000,8767000,7497300,8221000,8418759.2,7852171.2,6898964,7175035.4,7133756.9,6476394.8,6874051.8,..
Arable land (hectares),AG.LND.ARBL.HA,Mozambique,MOZ,3450000,3900000,5650000,5650000,5650000,5650000,5650000,5650000,5650000,5650000,5650000,..
Arable land (hectares),AG.LND.ARBL.HA,Myanmar,MMR,9567000,9909000,10932999.9,10948000,11061600,11080300,10990400,10990000,10990000,10990000,11007332,..
Arable land (hectares),AG.LND.ARBL.HA,Namibia,NAM,660000,816000,800000,800000,800000,800000,800000,800000,800000,800000,800000,..
Arable land (hectares),AG.LND.ARBL.HA,Nauru,NRU,..,..,..,..,..,..,..,..,..,..,..,..
Arable land (hectares),AG.LND.ARBL.HA,Nepal,NPL,2320400,2354000,2032190.9,1999563.6,1966936.4,1934309.1,1901681.8,1869054.5,1836427.3,1803800,1803800,..
Arable land (hectares),AG.LND.ARBL.HA,Netherlands,NLD,924400,1022700,1042000,1028000,1037000,1021000,1011100,1004830,1003000,1004000,1009000,..
Arable land (hectares),AG.LND.ARBL.HA,New Caledonia,NCL,9000,7000,5970,5970,5970,5970,5970,5970,5970,5970,5970,..
Arable land (hectares),AG.LND.ARBL.HA,New Zealand,NZL,380000,403879.1,478000,541000,491000,518500,546000,527000,616000,533000,520000,..
Arable land (hectares),AG.LND.ARBL.HA,Nicaragua,NIC,1300000,1917000,1503000,1503000,1503000,1503000,1503000,1503000,1503000,1503000,1503000,..
Arable land (hectares),AG.LND.ARBL.HA,Niger,NER,11036000,13975000,16800000,17500000,17700000,17700000,17700000,17700000,17700000,17700000,17700000,..
Arable land (hectares),AG.LND.ARBL.HA,Nigeria,NGA,28074000,35000000,36097000,36129000,36160000,36420000,36872000,36872000,36872000,36872000,36872000,..
Arable land (hectares),AG.LND.ARBL.HA,North Macedonia,MKD,..,555000,414000,416000,417000,418000,419000,416000,417000,416000,416000,..
Arable land (hectares),AG.LND.ARBL.HA,Northern Mariana Islands,MNP,..,1000,250,250,250,80,80,80,80,80,80,..
Arable land (hectares),AG.LND.ARBL.HA,Norway,NOR,860000,879000,807141,805122,801490,803210,802002,804497,804000,804000,803000,..
Arable land (hectares),AG.LND.ARBL.HA,Oman,OMN,35000,31000,52160,56110,69300,76660,76660,77850,74660,82610,87130,..
Arable land (hectares),AG.LND.ARBL.HA,Pakistan,PAK,29750000,31040000,30400000,30990000,31210000,31160000,30530000,30930000,30280000,30230000,30260000,..
Arable land (hectares),AG.LND.ARBL.HA,Palau,PLW,..,300,300,300,300,300,300,300,300,300,300,..
Arable land (hectares),AG.LND.ARBL.HA,Panama,PAN,499000,548000,565000,565000,565000,565000,565000,565000,565000,565000,565000,..
Arable land (hectares),AG.LND.ARBL.HA,Papua New Guinea,PNG,192000,205000,320000,326000,330000,330000,330000,330000,330000,330000,330000,..
Arable land (hectares),AG.LND.ARBL.HA,Paraguay,PRY,2110000,3020000,4094087.3,4150975.8,4207864.3,4264752.8,4321641.3,4378529.8,4435418.3,4561240,4561000,..
Arable land (hectares),AG.LND.ARBL.HA,Peru,PER,4101009.1,4168576.1,3805266.3,3781045.7,3756825,3814351,3580226,3935261,4290296,3918431,3918431,..
Arable land (hectares),AG.LND.ARBL.HA,Philippines,PHL,5480000,5034000,5590000,5590000,5590000,5590000,5590000,5590000,5590000,5590000,5590000,..
Arable land (hectares),AG.LND.ARBL.HA,Poland,POL,14388000,13993000,10887000,10806000,10907000,11009000,11055000,11150000,11079000,11165000,11202000,..
Arable land (hectares),AG.LND.ARBL.HA,Portugal,PRT,2344000,1750270,1069960,982230,968051.9,960440.9,997762.7,972909.3,967773.4,932558.6,927262.8,..
Arable land (hectares),AG.LND.ARBL.HA,Puerto Rico (US),PRI,65000,59700,52400,51500,50600,50200,50200,50200,50200,50200,50200,..
Arable land (hectares),AG.LND.ARBL.HA,Qatar,QAT,10000,13000,18500,18300,19000,21000,21000,21000,21000,21000,21000,..
Arable land (hectares),AG.LND.ARBL.HA,Romania,ROU,9450000,9381000,8778000,8582000,8543000,8686000,8966000,8483000,8588000,8211000,8407000,..
Arable land (hectares),AG.LND.ARBL.HA,Russian Federation,RUS,..,124374000,121649000,121649000,121649000,121649000,121649000,121649000,121649000,121649000,121649000,..
Arable land (hectares),AG.LND.ARBL.HA,Rwanda,RWA,880000,1000000,1288000,1288000,1289000,1235000,1192000,1214600,1268400,1238447.3,1159071,..
Arable land (hectares),AG.LND.ARBL.HA,Samoa,WSM,19000,14000,32460,25760,19060,12350,11290,11290,11290,11290,10710,..
Arable land (hectares),AG.LND.ARBL.HA,San Marino,SMR,1000,1000,1985,1985,1985,1985,1985,1985,1985,1985,1985,..
Arable land (hectares),AG.LND.ARBL.HA,Sao Tome and Principe,STP,2000,6000,4000,4000,4000,4000,4000,4000,4000,4000,4000,..
Arable land (hectares),AG.LND.ARBL.HA,Saudi Arabia,SAU,3390000,3606958.4,3467583.6,3458292,3449000.3,3439708.7,3430417,3430417,3430417,3430417,3430417,..
Arable land (hectares),AG.LND.ARBL.HA,Senegal,SEN,3092000,3322000,3655000,3610000,3645000,3680000,3715000,3750000,3830000,3830000,3830000,..
Arable land (hectares),AG.LND.ARBL.HA,Serbia,SRB,..,..,2591000,2598000,2595000,2583000,2579000,2604000,2615000,2600000,2603000,..
Arable land (hectares),AG.LND.ARBL.HA,Seychelles,SYC,1000,1000,150,150,150,150,150,150,150,150,150,..
Arable land (hectares),AG.LND.ARBL.HA,Sierra Leone,SLE,486000,490000,1584000,1584000,1584000,1584000,1584000,1584000,1584000,1584000,1584000,..
Arable land (hectares),AG.LND.ARBL.HA,Singapore,SGP,1000,1000,560,560,560,560,560,560,560,560,560,..
Arable land (hectares),AG.LND.ARBL.HA,Sint Maarten (Dutch part),SXM,..,..,..,..,..,..,..,..,..,..,..,..
Arable land (hectares),AG.LND.ARBL.HA,Slovak Republic,SVK,..,1528000,1350000,1347000,1343000,1348000,1349000,1346000,1326000,1323000,1307000,..
Arable land (hectares),AG.LND.ARBL.HA,Slovenia,SVN,..,173000,184240,184260,184000,181780,179330,179100,179010,179050,178890,..
Arable land (hectares),AG.LND.ARBL.HA,Solomon Islands,SLB,11000,14000,23000,23000,23000,23000,23000,23000,23000,23000,23000,..
Arable land (hectares),AG.LND.ARBL.HA,"Somalia, Fed. Rep.",SOM,1022000,1043000,1100000,1100000,1100000,1100000,1100000,1100000,1100000,1100000,1100000,..
Arable land (hectares),AG.LND.ARBL.HA,South Africa,ZAF,12800000,13812000,12000000,12000000,12000000,12000000,12000000,12000000,12000000,12000000,12000000,..
Arable land (hectares),AG.LND.ARBL.HA,South Sudan,SSD,..,..,2537850,2502562.5,2467275,2396700,2394700,2394700,2394700,2394700,2489233.3,..
Arable land (hectares),AG.LND.ARBL.HA,Spain,ESP,15335000,13400000,12278220,12337180,12253767,11884251.9,11812314.6,11639398.1,11550053.4,11690558.3,11496755,..
Arable land (hectares),AG.LND.ARBL.HA,Sri Lanka,LKA,889300,900400,1300000,1310000,1320200,1371600,1371572.8,1372000,1372000,1372000,1372000,..
Arable land (hectares),AG.LND.ARBL.HA,St. Kitts and Nevis,KNA,8000,7000,5000,5000,5000,5000,5000,5000,5000,5000,5000,..
Arable land (hectares),AG.LND.ARBL.HA,St. Lucia,LCA,2900,2000,2670,2670,2670,2670,2670,2670,2670,2670,2670,..
Arable land (hectares),AG.LND.ARBL.HA,St. Martin (French part),MAF,..,..,..,..,..,..,..,..,..,..,..,..
Arable land (hectares),AG.LND.ARBL.HA,St. Vincent and the Grenadines,VCT,3080,2000,2000,2000,2000,2000,2000,2000,2000,2000,2000,..
Arable land (hectares),AG.LND.ARBL.HA,Sudan,SDN,..,..,20080080,20385000,20689920,20995000,20995000,20995000,20995000,20995000,20995000,..
Arable land (hectares),AG.LND.ARBL.HA,Suriname,SUR,57000,57000,65000,65000,62000,62000,62000,60000,58000,50000,52965,..
Arable land (hectares),AG.LND.ARBL.HA,Sweden,SWE,2841000,2599300,2575190,2565580,2555110,2541990,2540000,2539000,2535000,2528000,2526000,..
Arable land (hectares),AG.LND.ARBL.HA,Switzerland,CHE,403090,408038.5,398398.8,398695.3,398184,398138.9,398794.4,399841.5,395464.6,396598.8,396420.9,..
Arable land (hectares),AG.LND.ARBL.HA,Syrian Arab Republic,SYR,4885000,4542000,4665000,4664600,4668450,4662323,4658153,4660617,4530044.5,4399000,4400000,..
Arable land (hectares),AG.LND.ARBL.HA,Tajikistan,TJK,..,784000,828800,856000,837900,839400,844200,839400,838000,838800,844400,..
Arable land (hectares),AG.LND.ARBL.HA,Tanzania,TZA,9000000,8600000,12595500,12776900,12958300,13139700,13321100,13502500,13502500,13502500,13502500,..
Arable land (hectares),AG.LND.ARBL.HA,Thailand,THA,17494000,17675000,16913800,16869000,16763700,16736996.5,16628427,16823599.7,16190400,15853300,15835200,..
Arable land (hectares),AG.LND.ARBL.HA,Timor-Leste,TLS,110000,120000,114000,113600,113200,112800,111500,111500,111500,111500,111500,..
Arable land (hectares),AG.LND.ARBL.HA,Togo,TGO,2070000,2270000,2650000,2650000,2650000,2650000,2650000,2650000,2650000,2650000,2650000,..
Arable land (hectares),AG.LND.ARBL.HA,Tonga,TON,16000,15000,20000,20000,20000,20000,20000,20000,20000,20000,20000,..
Arable land (hectares),AG.LND.ARBL.HA,Trinidad and Tobago,TTO,36000,35000,25000,25000,25000,25000,25000,25000,25000,25000,25000,..
Arable land (hectares),AG.LND.ARBL.HA,Tunisia,TUN,2909000,2864000,2570000,2563600,2606900,2569600,2569600,2831300,2831300,2831300,2831300,..
Arable land (hectares),AG.LND.ARBL.HA,Turkiye,TUR,24647000,23826000,20650000,20382000,19998000,19723000,19580000,19586000,19881000,20213000,20277000,..
Arable land (hectares),AG.LND.ARBL.HA,Turkmenistan,TKM,..,1599960.3,1720769.8,1810860.7,1812177.5,1667718.2,1582400,1605800,1595600,1610400,1591539.2,..
Arable land (hectares),AG.LND.ARBL.HA,Turks and Caicos Islands,TCA,1000,1000,1000,1000,1000,1000,1000,1000,1000,1000,1000,..
Arable land (hectares),AG.LND.ARBL.HA,Tuvalu,TUV,..,..,..,..,..,..,..,..,..,..,..,..
Arable land (hectares),AG.LND.ARBL.HA,Uganda,UGA,5000000,5300000,6900000,6900000,6900000,6900000,6900000,6900000,6900000,6900000,6900000,..
Arable land (hectares),AG.LND.ARBL.HA,Ukraine,UKR,..,32564000,32775000,32776000,32773000,32889000,32924000,32924000,32924000,32924000,32924000,..
Arable land (hectares),AG.LND.ARBL.HA,United Arab Emirates,ARE,35000,60000,44100,44500,44500,42300,49900,49000,50300,50384,50384,..
Arable land (hectares),AG.LND.ARBL.HA,United Kingdom,GBR,6620000,5876000,6011000,6026010.5,6082879.4,6037787.4,6085598.4,5978502.2,6009804.2,6041110,6043691.6,..
Arable land (hectares),AG.LND.ARBL.HA,United States,USA,185649200,175477200,156453464.2,156915018.1,157427836,156304948,155092830,153903595,152711560,151554225.1,151563525.1,..
Arable land (hectares),AG.LND.ARBL.HA,Uruguay,URY,1241000,1373000,2428600,2226300,2183900,2151800,2088300,2024400,2031000,2115490,2199600,..
Arable land (hectares),AG.LND.ARBL.HA,Uzbekistan,UZB,..,4480000,4041000,4035300,4026400,4019800,4033500,4023000,4016100,4028500,4029000,..
Arable land (hectares),AG.LND.ARBL.HA,Vanuatu,VUT,20000,20000,20000,20000,20000,20000,20000,20000,20000,20000,20000,..
Arable land (hectares),AG.LND.ARBL.HA,"Venezuela, RB",VEN,2832000,2595000,2600000,2600000,2600000,2600000,2600000,2600000,2600000,2600000,2600000,..
Arable land (hectares),AG.LND.ARBL.HA,Viet Nam,VNM,5339000,6200000,7002800,6998000,6988300,6952100,6784000,6787000,6793280,6753000,6728480,..
Arable land (hectares),AG.LND.ARBL.HA,Virgin Islands (U.S.),VIR,4000,2000,1000,1000,1000,900,900,900,900,900,900,..
Arable land (hectares),AG.LND.ARBL.HA,West Bank and Gaza,PSE,109000,71213.1,57301.8,58418.2,58354.5,54290.9,50227.3,46163.6,41900,41900,41900,..
Arable land (hectares),AG.LND.ARBL.HA,"Yemen, Rep.",YEM,1523000,1545000,1137600,1095800,1163000,1167000,1158000,1158000,1158000,1158000,1158000,..
Arable land (hectares),AG.LND.ARBL.HA,Zambia,ZMB,2891000,2844000,3700000,3700000,3800000,3800000,3800000,3800000,3800000,3800000,3800000,..
Arable land (hectares),AG.LND.ARBL.HA,Zimbabwe,ZWE,2997297.1,3701041.7,4044592.2,4041569.1,4038546.1,4035523,4032500,4029476.9,4026453.9,4023430.8,4020407.7,..
Arable land (hectares),AG.LND.ARBL.HA,Africa Eastern and Southern,AFE,..,..,..,..,..,..,..,..,..,..,..,..
Arable land (hectares),AG.LND.ARBL.HA,Africa Western and Central,AFW,..,..,..,..,..,..,..,..,..,..,..,..
Arable land (hectares),AG.LND.ARBL.HA,Arab World,ARB,..,..,..,..,..,..,..,..,..,..,..,..
Arable land (hectares),AG.LND.ARBL.HA,Caribbean small states,CSS,..,..,..,..,..,..,..,..,..,..,..,..
Arable land (hectares),AG.LND.ARBL.HA,Central Europe and the Baltics,CEB,..,..,..,..,..,..,..,..,..,..,..,..
Arable land (hectares),AG.LND.ARBL.HA,Early-demographic dividend,EAR,..,..,..,..,..,..,..,..,..,..,..,..
Arable land (hectares),AG.LND.ARBL.HA,East Asia & Pacific,EAS,..,..,..,..,..,..,..,..,..,..,..,..
Arable land (hectares),AG.LND.ARBL.HA,East Asia & Pacific (excluding high income),EAP,..,..,..,..,..,..,..,..,..,..,..,..
Arable land (hectares),AG.LND.ARBL.HA,East Asia & Pacific (IDA & IBRD countries),TEA,..,..,..,..,..,..,..,..,..,..,..,..
Arable land (hectares),AG.LND.ARBL.HA,Euro area,EMU,..,..,..,..,..,..,..,..,..,..,..,..
Arable land (hectares),AG.LND.ARBL.HA,Europe & Central Asia,ECS,..,..,..,..,..,..,..,..,..,..,..,..
Arable land (hectares),AG.LND.ARBL.HA,Europe & Central Asia (excluding high income),ECA,..,..,..,..,..,..,..,..,..,..,..,..
Arable land (hectares),AG.LND.ARBL.HA,Europe & Central Asia (IDA & IBRD countries),TEC,..,..,..,..,..,..,..,..,..,..,..,..
Arable land (hectares),AG.LND.ARBL.HA,European Union,EUU,..,..,..,..,..,..,..,..,..,..,..,..
Arable land (hectares),AG.LND.ARBL.HA,Fragile and conflict affected situations,FCS,..,..,..,..,..,..,..,..,..,..,..,..
Arable land (hectares),AG.LND.ARBL.HA,Heavily indebted poor countries (HIPC),HPC,..,..,..,..,..,..,..,..,..,..,..,..
Arable land (hectares),AG.LND.ARBL.HA,High income,HIC,..,..,..,..,..,..,..,..,..,..,..,..
Arable land (hectares),AG.LND.ARBL.HA,IBRD only,IBD,..,..,..,..,..,..,..,..,..,..,..,..
Arable land (hectares),AG.LND.ARBL.HA,IDA & IBRD total,IBT,..,..,..,..,..,..,..,..,..,..,..,..
Arable land (hectares),AG.LND.ARBL.HA,IDA blend,IDB,..,..,..,..,..,..,..,..,..,..,..,..
Arable land (hectares),AG.LND.ARBL.HA,IDA only,IDX,..,..,..,..,..,..,..,..,..,..,..,..
Arable land (hectares),AG.LND.ARBL.HA,IDA total,IDA,..,..,..,..,..,..,..,..,..,..,..,..
Arable land (hectares),AG.LND.ARBL.HA,Late-demographic dividend,LTE,..,..,..,..,..,..,..,..,..,..,..,..
Arable land (hectares),AG.LND.ARBL.HA,Latin America & Caribbean,LCN,..,..,..,..,..,..,..,..,..,..,..,..
Arable land (hectares),AG.LND.ARBL.HA,Latin America & Caribbean (excluding high income),LAC,..,..,..,..,..,..,..,..,..,..,..,..
Arable land (hectares),AG.LND.ARBL.HA,Latin America & the Caribbean (IDA & IBRD countries),TLA,..,..,..,..,..,..,..,..,..,..,..,..
Arable land (hectares),AG.LND.ARBL.HA,Least developed countries: UN classification,LDC,..,..,..,..,..,..,..,..,..,..,..,..
Arable land (hectares),AG.LND.ARBL.HA,Low & middle income,LMY,..,..,..,..,..,..,..,..,..,..,..,..
Arable land (hectares),AG.LND.ARBL.HA,Low income,LIC,..,..,..,..,..,..,..,..,..,..,..,..
Arable land (hectares),AG.LND.ARBL.HA,Lower middle income,LMC,..,..,..,..,..,..,..,..,..,..,..,..
Arable land (hectares),AG.LND.ARBL.HA,"Middle East, North Africa, Afghanistan & Pakistan",MEA,..,..,..,..,..,..,..,..,..,..,..,..
Arable land (hectares),AG.LND.ARBL.HA,"Middle East, North Africa, Afghanistan & Pakistan (excluding high income)",MNA,..,..,..,..,..,..,..,..,..,..,..,..
Arable land (hectares),AG.LND.ARBL.HA,"Middle East, North Africa, Afghanistan & Pakistan (IDA & IBRD)",TMN,..,..,..,..,..,..,..,..,..,..,..,..
Arable land (hectares),AG.LND.ARBL.HA,Middle income,MIC,..,..,..,..,..,..,..,..,..,..,..,..
Arable land (hectares),AG.LND.ARBL.HA,North America,NAC,..,..,..,..,..,..,..,..,..,..,..,..
Arable land (hectares),AG.LND.ARBL.HA,Not classified,INX,..,..,..,..,..,..,..,..,..,..,..,..
Arable land (hectares),AG.LND.ARBL.HA,OECD members,OED,..,..,..,..,..,..,..,..,..,..,..,..
Arable land (hectares),AG.LND.ARBL.HA,Other small states,OSS,..,..,..,..,..,..,..,..,..,..,..,..
Arable land (hectares),AG.LND.ARBL.HA,Pacific island small states,PSS,..,..,..,..,..,..,..,..,..,..,..,..
Arable land (hectares),AG.LND.ARBL.HA,Post-demographic dividend,PST,..,..,..,..,..,..,..,..,..,..,..,..
Arable land (hectares),AG.LND.ARBL.HA,Pre-demographic dividend,PRE,..,..,..,..,..,..,..,..,..,..,..,..
Arable land (hectares),AG.LND.ARBL.HA,Small states,SST,..,..,..,..,..,..,..,..,..,..,..,..
Arable land (hectares),AG.LND.ARBL.HA,South Asia,SAS,..,..,..,..,..,..,..,..,..,..,..,..
Arable land (hectares),AG.LND.ARBL.HA,South Asia (IDA & IBRD),TSA,..,..,..,..,..,..,..,..,..,..,..,..
Arable land (hectares),AG.LND.ARBL.HA,Sub-Saharan Africa,SSF,..,..,..,..,..,..,..,..,..,..,..,..
Arable land (hectares),AG.LND.ARBL.HA,Sub-Saharan Africa (excluding high income),SSA,..,..,..,..,..,..,..,..,..,..,..,..
Arable land (hectares),AG.LND.ARBL.HA,Sub-Saharan Africa (IDA & IBRD countries),TSS,..,..,..,..,..,..,..,..,..,..,..,..
Arable land (hectares),AG.LND.ARBL.HA,Upper middle income,UMC,..,..,..,..,..,..,..,..,..,..,..,..
Arable land (hectares),AG.LND.ARBL.HA,World,WLD,..,..,..,..,..,..,..,..,..,..,..,..
,,,,,,,,,,,,,,,
,,,,,,,,,,,,,,,
,,,,,,,,,,,,,,,
Data from database: World Development Indicators,,,,,,,,,,,,,,,
Last Updated: 10/07/2025,,,,,,,,,,,,,,,
